frame,t,phase,heavy_x,heavy_y,heavy_z,heavy_vx,heavy_vy,heavy_vz,heavy_sub,light_x,light_y,light_z,light_vx,light_vy,light_vz,light_sub,heavy_fx,heavy_fy,heavy_fz,light_fx,light_fy,light_fz
0,0.000000,init,0.30720001,0.36480001,0.11000000,0.00000000,0.00000000,0.00000000,0.000000,0.30720001,0.59520000,0.11000000,0.00000000,0.00000000,0.00000000,0.000000,0.00000000,0.00000000,0.00000000,0.00000000,0.00000000,0.00000000
0,0.000000,post_ramp,0.30733815,0.36481059,0.10972520,0.00888096,0.00059428,-0.01963567,0.000000,0.30740273,0.59519047,0.11032487,0.01261844,-0.00052723,0.00052351,0.000000,0.00000000,0.00000000,0.00000000,0.00000000,0.00000000,0.00000000
10,0.166667,run,0.33355087,0.36484247,0.09513776,0.41591087,-0.00908131,-0.13430285,0.602806,0.34520903,0.59547770,0.10201552,0.54688358,0.01583295,-0.08715233,0.618967,0.01023021,-0.00065110,0.00290920,0.00311505,0.00025643,0.00138156
20,0.333333,run,0.43120101,0.36138847,0.07999989,0.61200202,-0.02782634,0.00000353,0.901007,0.47809094,0.59947622,0.08473678,0.85832137,0.02795530,-0.11576304,0.688181,-0.00018564,-0.00052598,0.00019277,-0.00149247,0.00009108,0.00206938
30,0.500000,run,0.52357686,0.35478744,0.07999991,0.49747756,-0.05326689,-0.00002923,0.710370,0.60180026,0.60622299,0.08000022,0.67756492,0.04837461,-0.00014058,0.504568,-0.00158250,-0.00049166,0.00077434,-0.00116162,-0.00009575,0.00086552
40,0.666667,run,0.59993279,0.34562504,0.07999995,0.42546216,-0.05295007,0.00001148,0.550203,0.71059459,0.61466700,0.08001848,0.61163712,0.05510636,0.00198013,0.438121,-0.00151378,0.00026736,0.00085677,-0.00118776,0.00000869,0.00094378
50,0.833333,run,0.66524374,0.33815643,0.07999998,0.34544411,-0.03819204,0.00004245,0.617449,0.78630531,0.62436742,0.08334205,0.26981741,0.06228406,0.04165415,0.703899,-0.00325391,-0.00007832,0.00153807,-0.00189295,-0.00007139,0.00132398
60,1.000000,run,0.68748629,0.32645485,0.07999995,-0.09528719,-0.12132710,0.00000536,0.964999,0.79688698,0.63567090,0.08811487,-0.09012692,0.06578176,0.00230202,0.979544,-0.00494121,-0.00093887,0.00210666,-0.00077812,-0.00040796,0.00174354
70,1.166667,run,0.66076738,0.30524728,0.07999992,-0.18151797,-0.11597755,-0.00001966,0.943309,0.77571750,0.64298999,0.08618385,-0.14599037,0.02525511,-0.02090171,0.862404,-0.00009393,0.00069837,0.00169888,0.00015214,-0.00007794,0.00199832
80,1.333333,run,0.63465226,0.29001582,0.07999992,-0.13978983,-0.05971926,-0.00000254,0.876483,0.74842530,0.64027077,0.07999989,-0.17441565,-0.06770968,-0.00006359,0.834234,-0.00100556,0.00108932,0.00116486,0.00057916,0.00055050,0.00160545
90,1.500000,run,0.61013007,0.28477535,0.07999994,-0.15835945,0.00108063,-0.00000103,0.732225,0.71820080,0.63025987,0.08000003,-0.18943645,-0.04930495,0.00002626,0.710651,-0.00038924,0.00146150,0.00122241,-0.00023367,0.00025572,0.00139933
100,1.666667,run,0.58505881,0.28962022,0.07999994,-0.14712708,0.05263036,-0.00001060,0.705959,0.68846440,0.62388170,0.08001288,-0.15565903,-0.03241646,0.00106413,0.600200,0.00021209,0.00050162,0.00132992,0.00049582,-0.00011809,0.00128749
110,1.833333,run,0.56194317,0.29896769,0.07999996,-0.12405619,0.05184093,0.00000139,0.701670,0.66672701,0.61918885,0.08054611,-0.11039633,-0.02037656,0.00694163,0.583535,0.00092330,-0.00055507,0.00161815,0.00029692,0.00010505,0.00112787
120,2.000000,run,0.54711729,0.30581728,0.07999997,-0.03628938,0.02967328,0.00000009,0.703401,0.65142357,0.61763340,0.08236210,-0.06831278,-0.00302037,0.01222121,0.505929,0.00263545,-0.00043644,0.00195271,0.00047459,0.00007654,0.00105516
130,2.166667,run,0.55391496,0.31008926,0.07999989,0.09902764,0.02058252,-0.00003792,0.764549,0.65140921,0.61727577,0.08532211,0.08471917,-0.00826568,0.03592213,0.750137,0.00177216,-0.00017878,0.00142064,0.00041654,-0.00008752,0.00127101
140,2.333333,run,0.57268697,0.31187153,0.07999995,0.11948223,-0.00353809,-0.00000256,0.723962,0.67454666,0.61557239,0.09028087,0.16725895,-0.00752720,0.00376108,0.710803,0.00069959,-0.00074326,0.00129224,-0.00010756,0.00000285,0.00130774
150,2.500000,run,0.59276867,0.30937928,0.07999995,0.11196647,-0.01998992,0.00002344,0.705921,0.70131028,0.61527812,0.08924388,0.13752697,0.00163672,0.00247673,0.611495,-0.00068354,0.00009947,0.00165638,-0.00037357,-0.00002923,0.00124873
160,2.666667,run,0.60767555,0.30733433,0.07999996,0.06177289,-0.00273393,0.00000203,0.705883,0.71289569,0.61432743,0.09066586,-0.00046390,-0.01406311,0.00909721,0.539972,-0.00127967,0.00053241,0.00159214,-0.00041110,-0.00007362,0.00110735
170,2.833333,run,0.61132967,0.30826446,0.07999996,-0.01865433,0.00819678,-0.00000138,0.705883,0.70366746,0.60972857,0.09316096,-0.10608136,-0.03420261,0.01041781,0.682527,-0.00154704,-0.00010559,0.00154990,-0.00026504,0.00003525,0.00131398
180,3.000000,run,0.60315555,0.30896395,0.07999995,-0.07015370,0.00049273,-0.00000135,0.705883,0.68336010,0.60475928,0.09534139,-0.12195616,-0.02277952,0.01472094,0.666986,-0.00071220,-0.00020461,0.00135833,0.00013064,0.00003419,0.00122429
190,3.166667,run,0.59022236,0.30861905,0.07999995,-0.08040655,-0.00404328,-0.00000155,0.705883,0.66698313,0.60339373,0.09759200,-0.06983082,0.00576507,0.01908530,0.721877,0.00001496,-0.00005076,0.00138955,0.00031699,-0.00004459,0.00133642
200,3.333333,run,0.57746935,0.30823451,0.07999995,-0.06897229,0.00077210,-0.00000049,0.705883,0.65962791,0.60441399,0.10184546,-0.02637688,0.00451047,0.02193718,0.517830,0.00054267,0.00028181,0.00136629,0.00010958,-0.00005718,0.00094482
210,3.500000,run,0.56743199,0.30933663,0.07999995,-0.05330898,0.01242767,0.00000180,0.705883,0.65611923,0.60447067,0.10285801,-0.01733035,-0.00492126,-0.00812517,0.385237,0.00043889,0.00016983,0.00144435,0.00004759,-0.00009765,0.00084181
220,3.666667,run,0.55968666,0.31190997,0.07999995,-0.03951592,0.01743926,0.00000237,0.704469,0.65400547,0.60258275,0.09804693,-0.00674166,-0.01749106,-0.02227980,0.656566,0.00041729,0.00002607,0.00150426,0.00006764,-0.00007514,0.00160284
230,3.833333,run,0.55450368,0.31476220,0.07999995,-0.02095195,0.01697571,0.00004195,0.705879,0.65366042,0.59925228,0.10029911,0.00310275,-0.02096184,0.03058113,0.632033,0.00046391,0.00002136,0.00150338,0.00008495,-0.00007917,0.00106798
240,4.000000,run,0.55309671,0.31764951,0.07999995,0.00326772,0.01714264,-0.00000045,0.705882,0.65547431,0.59521943,0.09980632,0.02032017,-0.03041187,-0.03069368,0.391843,0.00046972,-0.00006591,0.00143659,0.00004784,-0.00001348,0.00100420
250,4.166667,run,0.55489385,0.31999594,0.07999995,0.01561124,0.01044072,0.00000162,0.705882,0.66124976,0.59037447,0.09997395,0.04753092,-0.02753629,0.02087088,0.721516,0.00012701,-0.00010863,0.00139802,0.00001332,-0.00001736,0.00131984
260,4.333333,run,0.55741042,0.32126352,0.07999995,0.01373062,0.00548921,-0.00000181,0.705882,0.66848677,0.58535606,0.10229811,0.03564055,-0.03395626,0.00649257,0.526154,-0.00005792,-0.00002612,0.00136459,-0.00010299,-0.00005395,0.00101930
270,4.500000,run,0.55927014,0.32199982,0.07999995,0.00772704,0.00425428,-0.00000019,0.705882,0.67395777,0.57902968,0.10455901,0.02701721,-0.03974223,0.01893749,0.509746,-0.00016299,0.00005841,0.00142050,-0.00013907,-0.00002081,0.00094720
280,4.666667,run,0.55943203,0.32279512,0.07999995,-0.00629817,0.00525701,0.00001499,0.705882,0.67569423,0.57308167,0.10596716,-0.00619263,-0.03396357,0.00790268,0.548665,-0.00022856,0.00005756,0.00145318,-0.00011460,-0.00000367,0.00112792
290,4.833333,run,0.55742133,0.32364136,0.07999989,-0.01641627,0.00475547,-0.00003627,0.705882,0.67311162,0.56833017,0.10881339,-0.01859665,-0.02423212,0.02666779,0.687888,-0.00010001,0.00003580,0.00142072,0.00005173,-0.00001479,0.00119202
300,5.000000,run,0.55420089,0.32439604,0.07999999,-0.02151371,0.00450071,0.00002559,0.705882,0.67030686,0.56486690,0.11368664,-0.01569002,-0.01748435,0.02552676,0.558302,-0.00002610,0.00005633,0.00140360,-0.00000684,-0.00002044,0.00097569
310,5.166667,run,0.55056804,0.32525203,0.07999995,-0.02186581,0.00607485,-0.00000019,0.705882,0.66765755,0.56193131,0.11721132,-0.01604834,-0.01792152,0.01893740,0.585378,0.00002100,0.00006826,0.00141994,-0.00001383,-0.00006181,0.00107950
320,5.333333,run,0.54695612,0.32631692,0.07999995,-0.02097560,0.00623871,-0.00000316,0.705882,0.66497594,0.55879623,0.12019208,-0.01868792,-0.02010506,0.01021883,0.383724,0.00007902,0.00001470,0.00143870,-0.00006191,-0.00013139,0.00076166
330,5.500000,run,0.54365414,0.32728106,0.07999995,-0.01875024,0.00500700,0.00000263,0.705882,0.66135347,0.55486399,0.11783819,-0.02471811,-0.02410174,-0.02436503,0.385718,0.00005889,0.00000096,0.00143162,-0.00004191,-0.00002698,0.00095204
340,5.666667,run,0.54069865,0.32792267,0.07999997,-0.01680732,0.00260975,0.00000957,0.705882,0.65679330,0.55078965,0.11403815,-0.02884491,-0.02589286,-0.02452120,0.342553,0.00003621,0.00000696,0.00142173,-0.00000339,-0.00005022,0.00083912
350,5.833333,run,0.53782183,0.32822978,0.07999995,-0.01804770,0.00132821,0.00000123,0.705882,0.65197790,0.54640758,0.10821569,-0.02969013,-0.02490861,-0.04188485,0.322354,-0.00002945,0.00004538,0.00143815,0.00000999,-0.00001902,0.00087070
360,6.000000,run,0.53471643,0.32837453,0.07999995,-0.01918177,0.00035626,-0.00000096,0.705882,0.64714712,0.54209518,0.10107914,-0.02851267,-0.02725871,-0.04280321,0.333310,-0.00001659,0.00003386,0.00144176,0.00000679,-0.00001825,0.00089590
370,6.166667,run,0.53148013,0.32840490,0.07999995,-0.01940213,0.00044614,0.00000019,0.705882,0.64255077,0.53755385,0.09828550,-0.02761159,-0.02552867,0.01674990,0.663919,0.00002168,0.00009722,0.00144764,-0.00002240,0.00000788,0.00125115
380,6.333333,run,0.52830744,0.32857704,0.07999995,-0.01869689,0.00093893,0.00000055,0.705882,0.63785493,0.53359568,0.10208263,-0.02737890,-0.02288774,0.00405670,0.288985,0.00001102,0.00001524,0.00143078,0.00000685,0.00000129,0.00059257
390,6.500000,run,0.52518517,0.32878837,0.07999996,-0.01868874,0.00128384,0.00000780,0.705882,0.63335139,0.52967489,0.09867782,-0.02638944,-0.02441184,-0.02258246,0.583790,0.00001101,0.00001049,0.00145099,0.00001580,0.00002309,0.00142739
400,6.666667,run,0.52218866,0.32907945,0.07999995,-0.01711841,0.00230793,-0.00000011,0.705882,0.62935311,0.52558511,0.10112152,-0.02309824,-0.02363111,0.03159580,0.428427,0.00002590,0.00004472,0.00142778,0.00001167,0.00000479,0.00071433
410,6.833333,run,0.51940554,0.32949662,0.07999995,-0.01634498,0.00257038,-0.00000036,0.705882,0.62557811,0.52174926,0.10127371,-0.02190490,-0.02287042,-0.02707482,0.278097,0.00000951,0.00001392,0.00144625,0.00001274,0.00001585,0.00068737
420,7.000000,run,0.51676530,0.32996333,0.07999995,-0.01512774,0.00320096,-0.00000101,0.705882,0.62219357,0.51799417,0.09842131,-0.01922919,-0.02118593,0.01432601,0.664028,0.00003793,0.00003791,0.00143629,0.00000049,0.00002912,0.00127204
430,7.166667,run,0.51440406,0.33059078,0.07999995,-0.01321574,0.00404824,-0.00000215,0.705882,0.61909097,0.51477313,0.10193969,-0.01780115,-0.01788435,0.00236951,0.288425,0.00002257,0.00000052,0.00143492,0.00000333,0.00001819,0.00059809
440,7.333333,run,0.51233071,0.33124259,0.07999995,-0.01172813,0.00374017,0.00000792,0.705882,0.61615896,0.51185066,0.09849659,-0.01701346,-0.01738420,-0.01760554,0.608799,0.00002390,0.00002828,0.00144908,0.00001698,0.00002592,0.00143942
450,7.500000,run,0.51046979,0.33201596,0.07999993,-0.01072228,0.00580807,-0.00001238,0.705882,0.61361545,0.50901520,0.10086747,-0.01299135,-0.01682206,0.03150949,0.458409,0.00001700,0.00005463,0.00143201,-0.00000027,0.00004567,0.00076581
460,7.666667,run,0.50869364,0.33305877,0.07999995,-0.01096118,0.00628270,0.00000130,0.705882,0.61135817,0.50646251,0.10117103,-0.01430998,-0.01335159,-0.02624898,0.290729,-0.00004381,0.00000290,0.00143214,-0.00001889,0.00001158,0.00072311
470,7.833333,run,0.50675267,0.33414429,0.07999995,-0.01220562,0.00735172,0.00000122,0.705882,0.60887158,0.50454575,0.09917529,-0.01594564,-0.00926618,0.02241376,0.718274,-0.00002211,0.00005724,0.00142219,-0.00001349,0.00001590,0.00129095
480,8.000000,run,0.50467300,0.33547765,0.07999995,-0.01261922,0.00806830,0.00000275,0.705882,0.60558903,0.50311154,0.10266007,-0.02249725,-0.00845543,0.00229069,0.376134,-0.00001902,-0.00001521,0.00142061,-0.00000564,-0.00001227,0.00078605
490,8.166667,run,0.50282246,0.33664685,0.07999995,-0.00944407,0.00594389,-0.00001260,0.705882,0.60199720,0.50179017,0.10132789,-0.01985501,-0.00757406,-0.01529468,0.388862,0.00006073,-0.00004657,0.00150176,0.00002703,0.00000860,0.00090117
500,8.333333,run,0.50143152,0.33752108,0.07999995,-0.00761706,0.00489162,-0.00000858,0.705882,0.59906924,0.50053591,0.09935132,-0.01457270,-0.00723077,0.01501264,0.709545,0.00005120,-0.00003650,0.00150045,0.00003677,0.00001744,0.00139580
510,8.500000,run,0.50025719,0.33829868,0.07999996,-0.00648474,0.00438554,-0.00000255,0.705882,0.59699720,0.49934894,0.10209484,-0.01111749,-0.00724395,-0.00763228,0.281195,0.00004095,-0.00003806,0.00150354,0.00000989,0.00000958,0.00062572
520,8.666667,run,0.49926174,0.33899269,0.07999995,-0.00550353,0.00404130,-0.00000874,0.705882,0.59532613,0.49810195,0.09823078,-0.00843576,-0.00748079,-0.00472575,0.689791,0.00003570,-0.00002194,0.00150248,0.00002186,0.00001966,0.00152131
530,8.833333,run,0.49843547,0.33966210,0.07999996,-0.00440757,0.00399041,0.00000338,0.705882,0.59421939,0.49688038,0.10233282,-0.00510396,-0.00720366,0.02275150,0.315502,0.00002853,-0.00002084,0.00150372,0.00000462,0.00001077,0.00058833
540,9.000000,run,0.49777350,0.34030694,0.07999995,-0.00359089,0.00368178,-0.00001005,0.705882,0.59347057,0.49567461,0.10095669,-0.00405037,-0.00724732,-0.03431140,0.277858,0.00002019,-0.00002514,0.00150565,0.00000319,0.00000899,0.00070652
550,9.166667,run,0.49722752,0.34089339,0.07999996,-0.00284703,0.00352545,0.00000997,0.705882,0.59293383,0.49455088,0.09863146,-0.00226467,-0.00605640,0.02509567,0.719456,0.00002227,-0.00001397,0.00150408,0.00000449,0.00001621,0.00133007
560,9.333333,run,0.49682954,0.34149927,0.07999995,-0.00201329,0.00368218,-0.00001086,0.705882,0.59271443,0.49368936,0.10316044,-0.00055049,-0.00458344,0.00270838,0.282887,0.00001274,-0.00001963,0.00150420,-0.00000018,0.00000646,0.00059465
570,9.500000,run,0.49652860,0.34209928,0.07999995,-0.00168408,0.00346492,-0.00000834,0.705882,0.59265900,0.49296314,0.09915628,-0.00006733,-0.00406200,-0.03916183,0.482413,0.00000763,-0.00002245,0.00150572,0.00000094,0.00000805,0.00125983
580,9.666667,run,0.49627414,0.34268790,0.07999995,-0.00130115,0.00368062,-0.00000438,0.705882,0.59273893,0.49237627,0.09999808,0.00103380,-0.00306818,0.03890913,0.721713,0.00001199,-0.00001364,0.00150399,-0.00000272,0.00000845,0.00121419
590,9.833333,run,0.49609810,0.34331042,0.07999995,-0.00089302,0.00366245,-0.00000183,0.705882,0.59302384,0.49195138,0.10303782,0.00199565,-0.00230317,-0.01205027,0.278875,0.00000260,-0.00002023,0.00150585,-0.00000245,0.00000361,0.00063522
600,10.000000,run,0.49595138,0.34389025,0.07999995,-0.00092330,0.00329810,0.00000765,0.705882,0.59338057,0.49159425,0.09800977,0.00244858,-0.00186419,-0.01863609,0.651947,0.00000336,-0.00001630,0.00150521,-0.00000356,0.00000528,0.00154650
610,10.166667,run,0.49580649,0.34443089,0.07999996,-0.00074779,0.00322590,0.00001069,0.705882,0.59383577,0.49133632,0.10118666,0.00318439,-0.00132736,0.03680633,0.436231,0.00000739,-0.00000891,0.00150397,-0.00000573,0.00000317,0.00074156
620,10.333333,run,0.49570057,0.34496400,0.07999995,-0.00056592,0.00309847,0.00001909,0.705882,0.59442741,0.49113619,0.10251361,0.00356771,-0.00102897,-0.01920865,0.294419,0.00000137,-0.00001474,0.00150592,-0.00000388,0.00000198,0.00069585
630,10.500000,run,0.49560460,0.34545994,0.07999996,-0.00060330,0.00293755,0.00000972,0.705882,0.59504771,0.49099910,0.09803418,0.00390242,-0.00064169,-0.00224735,0.684556,0.00000309,-0.00000824,0.00150438,-0.00000861,0.00000136,0.00148954
640,10.666667,run,0.49550402,0.34598452,0.07999996,-0.00063041,0.00336790,0.00000022,0.705882,0.59570259,0.49090877,0.10222138,0.00398212,-0.00039972,0.02386884,0.331545,0.00000085,-0.00000885,0.00150361,-0.00000593,0.00000160,0.00061381
650,10.833333,run,0.49538487,0.34656748,0.07999995,-0.00076329,0.00359320,-0.00000165,0.705882,0.59630752,0.49089026,0.10139353,0.00334460,0.00021213,-0.02917488,0.294197,-0.00000234,-0.00001388,0.00150512,-0.00000509,0.00000090,0.00073034
660,11.000000,run,0.49524501,0.34717754,0.07999996,-0.00087398,0.00379627,-0.00000165,0.705882,0.59682173,0.49100685,0.09846848,0.00253488,0.00107659,0.01818142,0.701534,0.00000264,-0.00000874,0.00150350,-0.00000785,-0.00000235,0.00135376
670,11.166667,run,0.49509194,0.34786493,0.07999993,-0.00099398,0.00442679,-0.00001007,0.705882,0.59715039,0.49120587,0.10286202,0.00157564,0.00146409,0.00714484,0.301367,-0.00000138,-0.00001748,0.00150436,-0.00000329,-0.00000066,0.00061776
680,11.333333,run,0.49490738,0.34862077,0.07999995,-0.00124126,0.00454889,0.00001055,0.687620,0.59738195,0.49149108,0.09980056,0.00132843,0.00205144,-0.03798259,0.339135,-0.00000568,-0.00002421,0.00146710,-0.00000165,-0.00000173,0.00087902
690,11.500000,run,0.49467951,0.34935808,0.07999996,-0.00141614,0.00429044,0.00000032,0.687500,0.59756744,0.49187422,0.09966562,0.00058124,0.00229375,0.03340503,0.705082,0.00000628,-0.00001804,0.00146401,-0.00000374,-0.00000530,0.00123204
700,11.666667,run,0.49443814,0.35005859,0.07999995,-0.00153041,0.00402167,-0.00001157,0.687500,0.59759653,0.49227494,0.10270127,-0.00005152,0.00259671,-0.01079835,0.279396,-0.00000065,-0.00002227,0.00146616,-0.00000141,-0.00000214,0.00063222
710,11.833333,run,0.49416935,0.35068661,0.07999996,-0.00165501,0.00351652,-0.00000018,0.687500,0.59758204,0.49275884,0.09805195,-0.00022296,0.00313010,-0.01293939,0.675771,0.00000224,-0.00001864,0.00146575,-0.00000245,-0.00000751,0.00155704
720,12.000000,run,0.49390879,0.35126647,0.07999997,-0.00144614,0.00348092,0.00002212,0.687500,0.59739578,0.49324548,0.10185502,-0.00195333,0.00298797,0.03202939,0.359289,0.00000354,-0.00001344,0.00146440,0.00000053,-0.00000260,0.00063059
730,12.166667,run,0.49367306,0.35183465,0.07999995,-0.00138738,0.00327745,0.00001623,0.687500,0.59703529,0.49377236,0.10188311,-0.00214163,0.00324959,-0.02803798,0.277951,-0.00000209,-0.00001886,0.00146721,0.00000084,-0.00000293,0.00068597
740,12.333333,run,0.49344054,0.35234308,0.07999996,-0.00130184,0.00288628,0.00000458,0.687500,0.59673101,0.49429986,0.09806249,-0.00169787,0.00275845,0.01325272,0.714507,0.00000894,-0.00001331,0.00146582,0.00000210,-0.00000706,0.00142162
750,12.500000,run,0.49325716,0.35283327,0.07999996,-0.00093593,0.00296395,0.00000033,0.687500,0.59643143,0.49474856,0.10295785,-0.00169741,0.00283265,0.01433789,0.292781,0.00000437,-0.00001545,0.00146507,0.00000097,-0.00000235,0.00057504
760,12.666667,run,0.49310851,0.35330755,0.07999995,-0.00087797,0.00267644,0.00001158,0.687500,0.59617603,0.49522135,0.10040055,-0.00132527,0.00298090,-0.03906710,0.277810,0.00000130,-0.00001800,0.00146728,0.00000080,-0.00000321,0.00072229
770,12.833333,run,0.49296811,0.35372683,0.07999996,-0.00070163,0.00250531,-0.00000952,0.687500,0.59598285,0.49569124,0.09896787,-0.00109372,0.00236363,0.03030287,0.720649,0.00000880,-0.00000937,0.00146418,0.00000135,-0.00000551,0.00128693
780,13.000000,run,0.49288946,0.35416293,0.07999996,-0.00030009,0.00266230,-0.00000218,0.687500,0.59587669,0.49606782,0.10322534,-0.00020681,0.00216111,-0.00170713,0.280998,0.00000180,-0.00001432,0.00146562,0.00000021,-0.00000203,0.00060552
790,13.166667,run,0.49284923,0.35458747,0.07999996,-0.00022440,0.00239631,-0.00000031,0.687500,0.59586936,0.49644157,0.09880318,0.00022846,0.00239727,-0.03377366,0.563127,-0.00000106,-0.00001446,0.00146683,-0.00000045,-0.00000397,0.00143638
800,13.333333,run,0.49282956,0.35498390,0.07999994,0.00007535,0.00245073,-0.00002010,0.687500,0.59595025,0.49681240,0.10054581,0.00085014,0.00205373,0.04035291,0.586686,0.00000593,-0.00000701,0.00146410,-0.00000074,-0.00000235,0.00097490
810,13.500000,run,0.49287099,0.35541144,0.07999996,0.00032939,0.00256248,-0.00000094,0.687500,0.59615064,0.49715984,0.10277995,0.00139881,0.00210667,-0.01687549,0.278434,-0.00000292,-0.00001474,0.00146591,-0.00000113,-0.00000175,0.00065020
820,13.666667,run,0.49292657,0.35581672,0.07999995,0.00034528,0.00230670,-0.00000427,0.687500,0.59643757,0.49753243,0.09787907,0.00188526,0.00221194,-0.00777433,0.689782,0.00000090,-0.00000951,0.00146567,-0.00000503,-0.00000489,0.00154601
830,13.833333,run,0.49300614,0.35621151,0.07999995,0.00064260,0.00246416,-0.00001529,0.687500,0.59674186,0.49786144,0.10206632,0.00195184,0.00182590,0.02984980,0.340862,0.00000111,-0.00000871,0.00146493,-0.00000161,-0.00000168,0.00060694
840,14.000000,run,0.49312457,0.35662714,0.07999995,0.00071885,0.00242084,0.00000113,0.656447,0.59711415,0.49817073,0.10172068,0.00239124,0.00188618,-0.02974589,0.277912,-0.00000460,-0.00001250,0.00140016,-0.00000240,-0.00000225,0.00069147
850,14.166667,run,0.49323970,0.35700747,0.07999996,0.00072714,0.00224353,0.00000826,0.687434,0.59754199,0.49849615,0.09814762,0.00254816,0.00179651,0.01585097,0.715938,0.00000025,-0.00000747,0.00146493,-0.00000631,-0.00000424,0.00140259
860,14.333333,run,0.49338239,0.35740092,0.07999995,0.00094505,0.00245441,-0.00000197,0.648428,0.59793878,0.49872786,0.10298258,0.00244584,0.00125923,0.01139560,0.289386,-0.00000375,-0.00000960,0.00138197,-0.00000198,-0.00000128,0.00057847
870,14.500000,run,0.49353504,0.35780188,0.07999995,0.00087290,0.00232218,0.00000240,0.647062,0.59836197,0.49895424,0.10004919,0.00273222,0.00148019,-0.04034401,0.277802,-0.00000752,-0.00001183,0.00138130,-0.00000300,-0.00000208,0.00072646
880,14.666667,run,0.49368250,0.35818520,0.07999995,0.00097594,0.00240817,0.00000261,0.655011,0.59884721,0.49917868,0.09937546,0.00284910,0.00096097,0.03355415,0.721123,-0.00000097,-0.00000453,0.00139653,-0.00000644,-0.00000178,0.00125945
890,14.833333,run,0.49386245,0.35861245,0.07999995,0.00113232,0.00262516,-0.00000209,0.647076,0.59932995,0.49929431,0.10310455,0.00302752,0.00069513,-0.00656851,0.279807,-0.00000825,-0.00001165,0.00137983,-0.00000282,-0.00000065,0.00061908
900,15.000000,run,0.49404156,0.35903931,0.07999995,0.00100875,0.00245752,0.00000255,0.647059,0.59987223,0.49944639,0.09837005,0.00352786,0.00107990,-0.02569732,0.626967,-0.00000767,-0.00001074,0.00138073,-0.00000755,-0.00000148,0.00153940
910,15.166667,run,0.49422145,0.35946113,0.07999994,0.00118189,0.00266260,-0.00000857,0.647059,0.60045028,0.49961233,0.10101470,0.00330230,0.00081130,0.03785446,0.462865,-0.00000296,-0.00000597,0.00137928,-0.00000761,-0.00000056,0.00078150
920,15.333333,run,0.49442494,0.35991925,0.07999995,0.00119903,0.00275764,0.00000404,0.647059,0.60103279,0.49975160,0.10231481,0.00380652,0.00094479,-0.02180003,0.278171,-0.00001055,-0.00001284,0.00138016,-0.00000310,-0.00000122,0.00066586
930,15.500000,run,0.49461484,0.36035821,0.07999995,0.00110245,0.00250333,0.00000004,0.647059,0.60172594,0.49993268,0.09783659,0.00435438,0.00129571,0.00200135,0.690921,-0.00000516,-0.00000824,0.00137960,-0.00001164,-0.00000188,0.00146796
940,15.666667,run,0.49481425,0.36079103,0.07999996,0.00130181,0.00269281,0.00001412,0.647059,0.60239702,0.50012851,0.10233569,0.00384867,0.00092420,0.02281538,0.313511,-0.00000598,-0.00000937,0.00137913,-0.00000559,-0.00000172,0.00058432
950,15.833333,run,0.49503702,0.36124980,0.07999995,0.00133972,0.00279104,0.00000643,0.647059,0.60304648,0.50029969,0.10095939,0.00395859,0.00125080,-0.03413645,0.277854,-0.00001280,-0.00001188,0.00138202,-0.00000348,0.00000006,0.00070605
960,16.000000,run,0.49525791,0.36173356,0.07999995,0.00137561,0.00307125,0.00000039,0.647059,0.60369825,0.50056303,0.09851728,0.00326579,0.00175746,0.02278809,0.703267,-0.00000531,-0.00000533,0.00137986,-0.00001063,-0.00000437,0.00131894
970,16.166667,run,0.49550930,0.36227876,0.07999996,0.00159356,0.00336948,-0.00000479,0.702380,0.60404545,0.50082660,0.10291650,0.00152429,0.00149166,0.00326606,0.283712,-0.00001299,-0.00001312,0.00149784,-0.00000218,-0.00000135,0.00059454
980,16.333333,run,0.49576423,0.36284038,0.07999995,0.00140462,0.00332539,0.00000563,0.658446,0.60431761,0.50109643,0.09903567,0.00184663,0.00190785,-0.03606716,0.511451,-0.00001526,-0.00001508,0.00140528,-0.00000189,-0.00000129,0.00131739
990,16.500000,run,0.49599218,0.36338645,0.07999995,0.00140407,0.00320031,-0.00000033,0.647083,0.60461819,0.50141597,0.10005798,0.00152380,0.00157777,0.03753463,0.690448,-0.00000670,-0.00001061,0.00137990,-0.00000833,-0.00000691,0.00117274
1000,16.666667,run,0.49621218,0.36388597,0.07999995,0.00114126,0.00271028,0.00002021,0.705703,0.60483229,0.50162733,0.10260499,0.00134780,0.00117336,-0.01466583,0.278714,-0.00001369,-0.00001685,0.00150632,-0.00000126,-0.00000048,0.00064350
1010,16.833333,run,0.49636337,0.36428806,0.07999995,0.00069887,0.00219582,0.00003124,0.705882,0.60509187,0.50186402,0.09807469,0.00166575,0.00168744,-0.00672860,0.676711,-0.00000726,-0.00000729,0.00150668,-0.00000384,-0.00000313,0.00150837
1020,17.000000,run,0.49647504,0.36466008,0.07999996,0.00067565,0.00227556,0.00000014,0.705882,0.60529268,0.50211829,0.10202695,0.00055278,0.00116201,0.02688933,0.345032,-0.00000484,-0.00000664,0.00150581,-0.00000246,-0.00000253,0.00062652
1030,17.166667,run,0.49657729,0.36503622,0.07999996,0.00053806,0.00220873,0.00001515,0.705882,0.60538572,0.50230694,0.10164791,0.00073681,0.00121290,-0.02720249,0.294226,-0.00000990,-0.00001138,0.00150509,-0.00000030,-0.00000019,0.00072335
1040,17.333333,run,0.49665001,0.36539534,0.07999996,0.00038152,0.00217819,0.00000448,0.705882,0.60557103,0.50256300,0.09828871,0.00149589,0.00185610,0.01442640,0.699655,-0.00000333,-0.00000488,0.00150582,-0.00000446,-0.00000348,0.00138188
1050,17.500000,run,0.49672219,0.36578497,0.07999995,0.00047235,0.00244059,-0.00000888,0.705882,0.60572928,0.50283331,0.10281304,0.00039476,0.00142631,0.01091740,0.304498,-0.00000596,-0.00000844,0.00150603,-0.00000160,-0.00000167,0.00061059
1060,17.666667,run,0.49679345,0.36619064,0.07999996,0.00035155,0.00237553,0.00000045,0.705882,0.60579860,0.50308055,0.10023091,0.00051985,0.00160159,-0.03636317,0.294140,-0.00001011,-0.00001295,0.00150581,0.00000016,-0.00000040,0.00075537
1070,17.833333,run,0.49683070,0.36659026,0.07999995,0.00015280,0.00249003,-0.00000645,0.705882,0.60591942,0.50339848,0.09934533,0.00064347,0.00203529,0.03040647,0.704676,-0.00000211,-0.00000565,0.00150583,-0.00000399,-0.00000539,0.00125702
1080,18.000000,run,0.49685976,0.36702144,0.07999996,0.00017431,0.00263982,-0.00000238,0.705882,0.60593677,0.50367790,0.10295115,-0.00018029,0.00158767,-0.00462350,0.296129,-0.00000713,-0.00001215,0.00150635,-0.00000054,-0.00000129,0.00064853
1090,18.166667,run,0.49688327,0.36745304,0.07999996,0.00005226,0.00251915,0.00001244,0.705882,0.60591900,0.50394762,0.09870385,0.00003615,0.00172463,-0.02676473,0.595790,-0.00000822,-0.00001096,0.00150667,0.00000050,-0.00000230,0.00146977
1100,18.333333,run,0.49686790,0.36788091,0.07999996,-0.00015476,0.00266386,0.00000424,0.705882,0.60588360,0.50426567,0.10092699,-0.00098050,0.00162474,0.03649906,0.477650,-0.00000081,-0.00000695,0.00150632,-0.00000187,-0.00000512,0.00081423
1110,18.500000,run,0.49683285,0.36832735,0.07999996,-0.00029462,0.00263036,0.00000138,0.687701,0.60565794,0.50450629,0.10243244,-0.00135320,0.00141906,-0.01816402,0.294507,-0.00000710,-0.00001136,0.00146751,0.00000126,-0.00000105,0.00069235
1120,18.666667,run,0.49675432,0.36876017,0.07999994,-0.00061237,0.00256591,-0.00001687,0.687500,0.60544634,0.50475580,0.09809236,-0.00129024,0.00154876,-0.00171066,0.684556,-0.00000159,-0.00000852,0.00146745,0.00000149,-0.00000379,0.00148468
1130,18.833333,run,0.49664366,0.36921161,0.07999994,-0.00068050,0.00280186,-0.00001967,0.687500,0.60513806,0.50499284,0.10226295,-0.00250236,0.00109064,0.02310220,0.329670,0.00000113,-0.00001148,0.00146653,0.00000127,-0.00000225,0.00061333
1140,19.000000,run,0.49651045,0.36966887,0.07999996,-0.00093803,0.00261413,0.00000323,0.687500,0.60474205,0.50517827,0.10132968,-0.00203932,0.00111417,-0.02960631,0.294193,-0.00000605,-0.00001479,0.00146811,0.00000257,-0.00000048,0.00073176
1150,19.166667,run,0.49632734,0.37008423,0.07999998,-0.00116359,0.00244975,0.00001503,0.687500,0.60448259,0.50536013,0.09849013,-0.00130895,0.00103942,0.01886212,0.701751,0.00000454,-0.00000897,0.00146690,0.00000046,-0.00000350,0.00134876
1160,19.333333,run,0.49614033,0.37049949,0.07999995,-0.00111909,0.00249184,0.00002654,0.687500,0.60419142,0.50547898,0.10289722,-0.00195745,0.00053137,0.00677910,0.301004,-0.00000026,-0.00001122,0.00146754,0.00000112,-0.00000078,0.00061833
1170,19.500000,run,0.49594101,0.37089816,0.07999994,-0.00130857,0.00227553,-0.00001753,0.687500,0.60390610,0.50557780,0.09979270,-0.00139516,0.00062379,-0.03795674,0.339135,-0.00000373,-0.00001267,0.00146836,0.00000217,-0.00000038,0.00087877
1180,19.666667,run,0.49571550,0.37127665,0.07999996,-0.00126911,0.00232396,0.00000272,0.687500,0.60372412,0.50567615,0.09967726,-0.00132329,0.00047903,0.03360446,0.705082,0.00000678,-0.00000637,0.00146612,-0.00000087,-0.00000268,0.00123097
1190,19.833333,run,0.49552017,0.37167305,0.07999994,-0.00116177,0.00238344,-0.00001685,0.687500,0.60343057,0.50571054,0.10285152,-0.00178277,0.00019665,-0.00819816,0.295452,-0.00000306,-0.00001191,0.00146715,0.00000155,0.00000006,0.00065956
1200,20.000000,run,0.49531642,0.37205514,0.07999993,-0.00129342,0.00218238,-0.00002002,0.687500,0.60315466,0.50575107,0.09842204,-0.00161040,0.00032846,-0.02052466,0.632845,0.00000334,-0.00001192,0.00146715,0.00000294,0.00000005,0.00151481
1210,20.166667,run,0.49511814,0.37241623,0.07999995,-0.00104861,0.00219205,-0.00001233,0.687500,0.60283828,0.50580651,0.10130506,-0.00236767,0.00002873,0.03416409,0.415877,0.00000686,-0.00000803,0.00146581,0.00000045,-0.00000150,0.00071979
1220,20.333333,run,0.49495482,0.37277633,0.07999994,-0.00098309,0.00207068,-0.00002070,0.687500,0.60244203,0.50580597,0.10220446,-0.00224521,0.00009546,-0.02120433,0.294376,-0.00000132,-0.00001354,0.00146768,0.00000258,0.00000027,0.00070270
1230,20.500000,run,0.49477765,0.37310520,0.07999996,-0.00108771,0.00191264,0.00000118,0.687500,0.60208899,0.50583738,0.09811337,-0.00195873,0.00027305,0.00415624,0.691734,0.00000411,-0.00000948,0.00146613,0.00000290,-0.00000212,0.00145187
1240,20.666667,run,0.49461949,0.37342724,0.07999996,-0.00084421,0.00195745,0.00000041,0.687500,0.60173613,0.50582343,0.10248693,-0.00226610,-0.00043457,0.01844232,0.316522,0.00000118,-0.00001084,0.00146596,0.00000121,-0.00000015,0.00060640
1250,20.833333,run,0.49447313,0.37374207,0.07999996,-0.00094555,0.00179572,-0.00000132,0.687500,0.60137784,0.50577843,0.10090151,-0.00206189,-0.00015880,-0.03241053,0.294165,-0.00000306,-0.00001330,0.00146711,0.00000293,0.00000087,0.00074151
1260,21.000000,run,0.49430031,0.37402630,0.07999996,-0.00103866,0.00167925,-0.00000149,0.687500,0.60103959,0.50576252,0.09883504,-0.00222703,-0.00017551,0.02431522,0.703409,0.00000580,-0.00000661,0.00146586,0.00000177,-0.00000170,0.00130616
1270,21.166667,run,0.49413285,0.37430722,0.07999993,-0.00101460,0.00166371,-0.00001487,0.687500,0.60062170,0.50566274,0.10295060,-0.00246417,-0.00069242,0.00134211,0.298034,-0.00000037,-0.00001079,0.00146771,0.00000215,0.00000056,0.00063149
1280,21.333333,run,0.49394277,0.37457228,0.07999995,-0.00127276,0.00152046,-0.00001025,0.687500,0.60024649,0.50557476,0.09922538,-0.00203565,-0.00043691,-0.03441618,0.502145,-0.00000018,-0.00001222,0.00146858,0.00000359,0.00000034,0.00128366
1290,21.500000,run,0.49372470,0.37482357,0.07999997,-0.00122845,0.00150715,0.00000087,0.687500,0.59987080,0.50547832,0.10035514,-0.00236569,-0.00087270,0.03724826,0.615294,0.00000761,-0.00000458,0.00146607,0.00000425,-0.00000146,0.00104565
1300,21.666667,run,0.49353585,0.37507907,0.07999996,-0.00106707,0.00152644,-0.00000065,0.687500,0.59944892,0.50535220,0.10265791,-0.00262671,-0.00057671,-0.01381459,0.294802,0.00000119,-0.00000919,0.00146733,0.00000231,0.00000060,0.00067782
1310,21.833333,run,0.49335909,0.37532505,0.07999996,-0.00106537,0.00141206,0.00000175,0.687500,0.59901077,0.50524694,0.09815033,-0.00249571,-0.00075247,-0.01013594,0.668389,0.00000280,-0.00000814,0.00146767,0.00000542,-0.00000004,0.00151736
1320,22.000000,run,0.49319777,0.37555072,0.07999996,-0.00083532,0.00128311,0.00000290,0.687500,0.59872580,0.50500631,0.10185106,-0.00082700,-0.00217395,0.02853873,0.356622,0.00000297,-0.00000478,0.00146553,0.00000126,0.00000104,0.00064076
1330,22.166667,run,0.49305430,0.37575853,0.07999994,-0.00095866,0.00120287,-0.00001725,0.687500,0.59862542,0.50464690,0.10174041,-0.00054469,-0.00207297,-0.02596593,0.294250,-0.00000346,-0.00001039,0.00146808,0.00000019,0.00000270,0.00071910
1340,22.333333,run,0.49287274,0.37594324,0.07999994,-0.00117043,0.00103374,-0.00002068,0.687500,0.59853703,0.50428909,0.09831730,-0.00067308,-0.00229459,0.01326857,0.698983,0.00000336,-0.00000569,0.00146616,0.00000066,0.00000290,0.00139044
1350,22.500000,run,0.49267974,0.37610510,0.07999995,-0.00118959,0.00094995,-0.00000306,0.687500,0.59844112,0.50387800,0.10278114,-0.00051630,-0.00247470,0.01117298,0.305044,0.00000076,-0.00000706,0.00146633,-0.00000006,0.00000237,0.00061075
1360,22.666667,run,0.49246135,0.37625131,0.07999996,-0.00142176,0.00076923,-0.00000053,0.687500,0.59834528,0.50350618,0.10023629,-0.00067057,-0.00218032,-0.03613669,0.294141,-0.00000133,-0.00000997,0.00146775,0.00000025,0.00000354,0.00075460
1370,22.833333,run,0.49221024,0.37635806,0.07999994,-0.00150966,0.00057419,-0.00001756,0.687500,0.59818560,0.50312072,0.09937797,-0.00115257,-0.00250380,0.03060308,0.704676,0.00000814,-0.00000247,0.00146605,0.00000259,0.00000193,0.00125527
1380,23.000000,run,0.49196351,0.37644452,0.07999996,-0.00149244,0.00050812,-0.00000252,0.687500,0.59801400,0.50268888,0.10291067,-0.00106516,-0.00246555,-0.00517487,0.296028,0.00000178,-0.00000356,0.00146772,0.00000080,0.00000266,0.00065020
1390,23.166667,run,0.49170467,0.37652090,0.07999995,-0.00165201,0.00036760,-0.00000573,0.687500,0.59782374,0.50228727,0.09865788,-0.00135473,-0.00240899,-0.02501770,0.606525,0.00000183,-0.00000477,0.00146892,0.00000131,0.00000457,0.00148384
1400,23.333333,run,0.49143016,0.37657875,0.07999995,-0.00161045,0.00031942,0.00003278,0.687500,0.59752977,0.50185746,0.10106503,-0.00190691,-0.00266683,0.03499879,0.443575,0.00000840,0.00000171,0.00146738,0.00000347,0.00000202,0.00076376
1410,23.500000,run,0.49116200,0.37663054,0.07999994,-0.00166064,0.00029068,-0.00002599,0.687500,0.59723306,0.50143522,0.10221291,-0.00172332,-0.00238134,-0.01993781,0.294435,0.00000349,-0.00000347,0.00146740,0.00000167,0.00000286,0.00069847
1420,23.666667,run,0.49086434,0.37665889,0.07999996,-0.00188295,0.00009789,0.00000747,0.687500,0.59694344,0.50103527,0.09811741,-0.00190729,-0.00251097,0.00288450,0.690206,0.00000883,-0.00000016,0.00146680,0.00000415,0.00000322,0.00145864
1430,23.833333,run,0.49055135,0.37667957,0.07999995,-0.00185189,0.00017326,0.00001426,0.687500,0.59666443,0.50060439,0.10243556,-0.00133356,-0.00255041,0.01937892,0.318943,0.00001058,0.00000192,0.00146639,0.00000155,0.00000171,0.00060748
1440,24.000000,run,0.49024174,0.37670860,0.07999997,-0.00187827,0.00010628,0.00000598,0.687500,0.59648180,0.50018799,0.10098107,-0.00095861,-0.00244376,-0.03177273,0.294170,0.00000652,-0.00000515,0.00146805,0.00000110,0.00000328,0.00073940
1450,24.166667,run,0.48992279,0.37670800,0.07999995,-0.00185983,-0.00002730,0.00000259,0.687500,0.59633106,0.49971589,0.09875503,-0.00068917,-0.00339798,0.02313446,0.703142,0.00001372,0.00000442,0.00146740,0.00000237,0.00000417,0.00131615
1460,24.333333,run,0.48963571,0.37671193,0.07999996,-0.00162503,0.00006318,0.00000228,0.687500,0.59631497,0.49912876,0.10290211,0.00021168,-0.00343277,0.00217721,0.298458,0.00000841,-0.00000060,0.00146743,-0.00000022,0.00000325,0.00062944
1470,24.500000,run,0.48936069,0.37671000,0.07999996,-0.00172946,-0.00012993,0.00001407,0.687500,0.59635073,0.49855477,0.09927473,0.00021646,-0.00354990,-0.03473339,0.491422,0.00000478,-0.00000501,0.00146889,-0.00000081,0.00000421,0.00125767
1480,24.666667,run,0.48907021,0.37668055,0.07999995,-0.00168307,-0.00013348,0.00001547,0.687500,0.59637177,0.49793556,0.10030335,0.00025293,-0.00365535,0.03682767,0.615263,0.00001296,0.00000584,0.00146570,-0.00000005,0.00000789,0.00104892
